kode_provinsi,ibukota_provinsi,kabupaten_kota_tujuan,tarif_sumber
"11","Banda Aceh","Kab. Aceh Barat","275000"
"11","Banda Aceh","Kab. Aceh Barat Daya","298000"
"11","Banda Aceh","Kab. Aceh Besar","183000"
"11","Banda Aceh","Kab. Aceh Jaya","238000"
"11","Banda Aceh","Kab. Aceh Selatan","325000"
"11","Banda Aceh","Kab. Aceh Singkil","420000"
"11","Banda Aceh","Kab. Aceh Tamiang","315000"
"11","Banda Aceh","Kab. Aceh Tengah","293000"
"11","Banda Aceh","Kab. Aceh Tenggara","460000"
"11","Banda Aceh","Kab. Aceh Timur","289000"
"11","Banda Aceh","Kab. Aceh Utara","270000"
"11","Banda Aceh","Kab. Bener Meriah","278000"
"11","Banda Aceh","Kab. Bireuen","220000"
"11","Banda Aceh","Kab. Gayo Lues","370000"
"11","Banda Aceh","Kab. Nagan Raya","275000"
"11","Banda Aceh","Kab. Pidie","190000"
"11","Banda Aceh","Kab. Pidie Jaya","205000"
"11","Banda Aceh","Kota Langsa","301000"
"11","Banda Aceh","Kota Lhokseumawe","240000"
"11","Banda Aceh","Kota Subulussalam","400000"
"12","Medan","Kab. Asahan","259000"
"12","Medan","Kab. Batubara","225000"
"12","Medan","Kab. Dairi","270000"
"12","Medan","Kab. Deli Serdang","186000"
"12","Medan","Kab. Humbang Hasundutan","300000"
"12","Medan","Kab. Karo","200000"
"12","Medan","Kab. Labuhan Batu","287000"
"12","Medan","Kab. Labuhan Batu Selatan","360000"
"12","Medan","Kab. Labuhan Batu Utara","300000"
"12","Medan","Kab. Langkat","186000"
"12","Medan","Kab. Mandailing Natal","420000"
"12","Medan","Kab. Padang Lawas","420000"
"12","Medan","Kab. Padang Lawas Utara","420000"
"12","Medan","Kab. Pakpak Bharat","300000"
"12","Medan","Kab. Samosir","330000"
"12","Medan","Kab. Serdang Bedagai","200000"
"12","Medan","Kab. Simalungun","264000"
"12","Medan","Kab. Tapanuli Selatan","328000"
"12","Medan","Kab. Tapanuli Tengah","345000"
"12","Medan","Kab. Tapanuli Utara","330000"
"12","Medan","Kab. Toba Samosir","300000"
"12","Medan","Kota Binjai","180000"
"12","Medan","Kota Pematang Siantar","225000"
"12","Medan","Kota Sibolga","345000"
"12","Medan","Kota Tanjung Balai","285000"
"12","Medan","Kota Tebing Tinggi","203000"
"14","Pekanbaru","Kab. Indragiri Hilir","380000"
"14","Pekanbaru","Kab. Indragiri Hulu","315000"
"14","Pekanbaru","Kab. Kampar","200000"
"14","Pekanbaru","Kab. Kuantan Singingi","300000"
"14","Pekanbaru","Kab. Pelalawan","225000"
"14","Pekanbaru","Kab. Rokan Hilir","350000"
"14","Pekanbaru","Kab. Rokan Hulu","322000"
"14","Pekanbaru","Kab. Siak","350000"
"14","Pekanbaru","Kota Dumai","400000"
"21","Tanjung Pinang","Kab. Bintan","185000"
"15","Jambi","Kab. Batanghari","175000"
"15","Jambi","Kab. Bungo","270000"
"15","Jambi","Kab. Kerinci","325000"
"15","Jambi","Kab. Merangin","260000"
"15","Jambi","Kab. Muaro Jambi","170000"
"15","Jambi","Kab. Sarolangun","241000"
"15","Jambi","Kab. Tanjung Jabung Barat","225000"
"15","Jambi","Kab. Tanjung Jabung Timur","190000"
"15","Jambi","Kab. Tebo","250000"
"15","Jambi","Kota Sungai Penuh","308000"
"13","Padang","Kab. Agam","225000"
"13","Padang","Kab. Dharmasraya","250000"
"13","Padang","Kab. Lima Puluh Kota","225000"
"13","Padang","Kab. Padang Pariaman","205000"
"13","Padang","Kab. Pasaman","250000"
"13","Padang","Kab. Pasaman Barat","250000"
"13","Padang","Kab. Pesisir Selatan","205000"
"13","Padang","Kab. Sijunjung","225000"
"13","Padang","Kab. Solok","210000"
"13","Padang","Kab. Solok Selatan","250000"
"13","Padang","Kab. Tanah Datar","220000"
"13","Padang","Kota Bukit Tinggi","215000"
"13","Padang","Kota Padang Panjang","210000"
"13","Padang","Kota Pariaman","200000"
"13","Padang","Kota Payakumbuh","225000"
"13","Padang","Kota Sawahlunto","215000"
"13","Padang","Kota Solok","210000"
"16","Palembang","Kab. Banyuasin","203000"
"16","Palembang","Kab. Empat Lawang","315000"
"16","Palembang","Kab. Lahat","250000"
"16","Palembang","Kab. Muara Enim","235000"
"16","Palembang","Kab. Musi Banyuasin","235000"
"16","Palembang","Kab. Musi Rawas","320000"
"16","Palembang","Kab. Musi Rawas Utara","325000"
"16","Palembang","Kab. Ogan Ilir","205000"
"16","Palembang","Kab. Ogan Komering Ilir","205000"
"16","Palembang","Kab. Ogan Komering Ulu","248000"
"16","Palembang","Kab. Ogan Komering Ulu Selatan","250000"
"16","Palembang","Kab. Ogan Komering Ulu Timur","245000"
"16","Palembang","Kab. Pali","265000"
"16","Palembang","Kota Lubuk Linggau","290000"
"16","Palembang","Kota Pagar Alam","280000"
"16","Palembang","Kota Prabumulih","205000"
"18","Bandar Lampung","Kab. Lampung Barat","270000"
"18","Bandar Lampung","Kab. Lampung Selatan","234000"
"18","Bandar Lampung","Kab. Lampung Tengah","246000"
"18","Bandar Lampung","Kab. Lampung Timur","246000"
"18","Bandar Lampung","Kab. Lampung Utara","252000"
"18","Bandar Lampung","Kab. Mesuji","276000"
"18","Bandar Lampung","Kab. Pesawaran","216000"
"18","Bandar Lampung","Kab. Pesisir Barat","270000"
"18","Bandar Lampung","Kab. Pringsewu","222000"
"18","Bandar Lampung","Kab. Tanggamus","240000"
"18","Bandar Lampung","Kab. Tulang Bawang","252000"
"18","Bandar Lampung","Kab. Tulang Bawang Barat","267000"
"18","Bandar Lampung","Kab. Way Kanan","270000"
"18","Bandar Lampung","Kota Metro","234000"
"17","Bengkulu","Kab. Bengkulu Selatan","344000"
"17","Bengkulu","Kab. Bengkulu Tengah","232000"
"17","Bengkulu","Kab. Bengkulu Utara","313000"
"17","Bengkulu","Kab. Kaur","385000"
"17","Bengkulu","Kab. Kepahiang","298000"
"17","Bengkulu","Kab. Lebong","375000"
"17","Bengkulu","Kab. Mukomuko","423000"
"17","Bengkulu","Kab. Rejang Lebong","313000"
"17","Bengkulu","Kab. Seluma","282000"
"19","Pangkalpinang","Kab. Bangka","250000"
"19","Pangkalpinang","Kab. Bangka Barat","275000"
"19","Pangkalpinang","Kab. Bangka Selatan","275000"
"19","Pangkalpinang","Kab. Bangka Tengah","250000"
"36","Serang","Kab. Lebak","208000"
"36","Serang","Kab. Pandeglang","138000"
"36","Serang","Kab. Serang","160000"
"36","Serang","Kab. Tangerang","254000"
"36","Serang","Kota Cilegon","160000"
"36","Serang","Kota Tangerang","313000"
"36","Serang","Kota Tangerang Selatan","347000"
"32","Bandung","Kab. Bandung","183000"
"32","Bandung","Kab. Bandung Barat","275000"
"32","Bandung","Kab. Bekasi","265000"
"32","Bandung","Kab. Bogor","275000"
"32","Bandung","Kab. Ciamis","245000"
"32","Bandung","Kab. Cianjur","215000"
"32","Bandung","Kab. Cirebon","280000"
"32","Bandung","Kab. Garut","243000"
"32","Bandung","Kab. Indramayu","275000"
"32","Bandung","Kab. Karawang","248000"
"32","Bandung","Kab. Kuningan","275000"
"32","Bandung","Kab. Majalengka","235000"
"32","Bandung","Kab. Pangadaran","283000"
"32","Bandung","Kab. Purwakarta","218000"
"32","Bandung","Kab. Subang","208000"
"32","Bandung","Kab. Sukabumi","245000"
"32","Bandung","Kab. Sumedang","230000"
"32","Bandung","Kab. Tasikmalaya","245000"
"32","Bandung","Kota Banjar","283000"
"32","Bandung","Kota Bekasi","265000"
"32","Bandung","Kota Bogor","285000"
"32","Bandung","Kota Cimahi","168000"
"32","Bandung","Kota Cirebon","270000"
"32","Bandung","Kota Depok","275000"
"32","Bandung","Kota Sukabumi","226000"
"32","Bandung","Kota Tasikmalaya","245000"
"33","Semarang","Kab. Banjarnegara","260000"
"33","Semarang","Kab. Banyumas","257000"
"33","Semarang","Kab. Batang","240000"
"33","Semarang","Kab. Blora","270000"
"33","Semarang","Kab. Boyolali","240000"
"33","Semarang","Kab. Brebes","263000"
"33","Semarang","Kab. Cilacap","280000"
"33","Semarang","Kab. Demak","230000"
"33","Semarang","Kab. Grobogan","235000"
"33","Semarang","Kab. Jepara","240000"
"33","Semarang","Kab. Karanganyar","250000"
"33","Semarang","Kab. Kebumen","260000"
"33","Semarang","Kab. Kendal","230000"
"33","Semarang","Kab. Klaten","250000"
"33","Semarang","Kab. Kudus","235000"
"33","Semarang","Kab. Magelang","240000"
"33","Semarang","Kab. Pati","240000"
"33","Semarang","Kab. Pekalongan","245000"
"33","Semarang","Kab. Pemalang","250000"
"33","Semarang","Kab. Purbalingga","270000"
"33","Semarang","Kab. Purworejo","250000"
"33","Semarang","Kab. Rembang","250000"
"33","Semarang","Kab. Semarang","230000"
"33","Semarang","Kab. Sragen","250000"
"33","Semarang","Kab. Sukoharjo","250000"
"33","Semarang","Kab. Tegal","260000"
"33","Semarang","Kab. Temanggung","240000"
"33","Semarang","Kab. Wonogiri","250000"
"33","Semarang","Kab. Wonosobo","250000"
"33","Semarang","Kota Magelang","240000"
"33","Semarang","Kota Pekalongan","245000"
"33","Semarang","Kota Salatiga","235000"
"33","Semarang","Kota Surakarta","245000"
"33","Semarang","Kota Tegal","260000"
"34","Yogyakarta","Kab. Bantul","250000"
"34","Yogyakarta","Kab. Gunung Kidul","350000"
"34","Yogyakarta","Kab. Kulon Progo","350000"
"34","Yogyakarta","Kab. Sleman","200000"
"35","Surabaya","Kab. Bangkalan","225000"
"35","Surabaya","Kab. Banyuwangi","285000"
"35","Surabaya","Kab. Blitar","255000"
"35","Surabaya","Kab. Bojonegoro","225000"
"35","Surabaya","Kab. Bondowoso","255000"
"35","Surabaya","Kab. Gresik","225000"
"35","Surabaya","Kab. Jember","261000"
"35","Surabaya","Kab. Jombang","235000"
"35","Surabaya","Kab. Kediri","235000"
"35","Surabaya","Kab. Lamongan","225000"
"35","Surabaya","Kab. Lumajang","261000"
"35","Surabaya","Kab. Madiun","245000"
"35","Surabaya","Kab. Magetan","253000"
"35","Surabaya","Kab. Malang","228000"
"35","Surabaya","Kab. Mojokerto","225000"
"35","Surabaya","Kab. Nganjuk","245000"
"35","Surabaya","Kab. Ngawi","253000"
"35","Surabaya","Kab. Pacitan","285000"
"35","Surabaya","Kab. Pamekasan","243000"
"35","Surabaya","Kab. Pasuruan","228000"
"35","Surabaya","Kab. Ponorogo","255000"
"35","Surabaya","Kab. Probolinggo","228000"
"35","Surabaya","Kab. Sampang","235000"
"35","Surabaya","Kab. Sidoarjo","240000"
"35","Surabaya","Kab. Situbondo","255000"
"35","Surabaya","Kab. Sumenep","255000"
"35","Surabaya","Kab. Trenggalek","245000"
"35","Surabaya","Kab. Tuban","245000"
"35","Surabaya","Kab. Tulungagung","245000"
"35","Surabaya","Kota Batu","242000"
"35","Surabaya","Kota Blitar","255000"
"35","Surabaya","Kota Bojonegoro","225000"
"35","Surabaya","Kota Kediri","235000"
"35","Surabaya","Kota Madiun","245000"
"35","Surabaya","Kota Malang","228000"
"35","Surabaya","Kota Mojokerto","225000"
"35","Surabaya","Kota Probolinggo","228000"
"51","Denpasar","Kab. Badung","188000"
"51","Denpasar","Kab. Bangli","225000"
"51","Denpasar","Kab. Buleleng","265000"
"51","Denpasar","Kab. Gianyar","225000"
"51","Denpasar","Kab. Jembrana","270000"
"51","Denpasar","Kab. Karangasem","263000"
"51","Denpasar","Kab. Tabanan","225000"
"52","Mataram","Kab. Lombok Barat","325000"
"52","Mataram","Kab. Lombok Tengah","450000"
"52","Mataram","Kab. Lombok Timur","350000"
"53","Kupang","Kab. Belu","325000"
"53","Kupang","Kab. Kupang","175000"
"53","Kupang","Kab. Timor Tengah Selatan","218000"
"53","Kupang","Kab. Timor Tengah Utara","275000"
"61","Pontianak","Kab. Bengkayang","270000"
"61","Pontianak","Kab. Kapuas Hulu","550000"
"61","Pontianak","Kab. Kayong Utara","550000"
"61","Pontianak","Kab. Ketapang","550000"
"61","Pontianak","Kab. Kubu Raya","185000"
"61","Pontianak","Kab. Landak","270000"
"61","Pontianak","Kab. Melawi","430000"
"61","Pontianak","Kab. Mempawah","230000"
"61","Pontianak","Kab. Sambas","300000"
"61","Pontianak","Kab. Sanggau","303000"
"61","Pontianak","Kab. Sekadau","343000"
"61","Pontianak","Kab. Sintang","392000"
"61","Pontianak","Kota Singkawang","257000"
"62","Palangkaraya","Kab. Barito Selatan","290000"
"62","Palangkaraya","Kab. Barito Timur","333000"
"62","Palangkaraya","Kab. Barito Utara","425000"
"62","Palangkaraya","Kab. Gunung Mas","300000"
"62","Palangkaraya","Kab. Kapuas","275000"
"62","Palangkaraya","Kab. Katingan","250000"
"62","Palangkaraya","Kab. Kotawaringin Barat","425000"
"62","Palangkaraya","Kab. Kotawaringin Timur","300000"
"62","Palangkaraya","Kab. Lamandau","525000"
"62","Palangkaraya","Kab. Murung Raya","448000"
"62","Palangkaraya","Kab. Pulau Pisau","250000"
"62","Palangkaraya","Kab. Seruyan","328000"
"62","Palangkaraya","Kab. Sukamara","525000"
"63","Banjarmasin","Kab. Balangan","230000"
"63","Banjarmasin","Kab. Banjar","170000"
"63","Banjarmasin","Kab. Barito Kuala","200000"
"63","Banjarmasin","Kab. Hulu Sungai Selatan","200000"
"63","Banjarmasin","Kab. Hulu Sungai Tengah","212000"
"63","Banjarmasin","Kab. Hulu Sungai Utara","218000"
"63","Banjarmasin","Kab. Kota Baru","290000"
"63","Banjarmasin","Kab. Tabalong","234000"
"63","Banjarmasin","Kab. Tanah Bumbu","300000"
"63","Banjarmasin","Kab. Tanah Laut","200000"
"63","Banjarmasin","Kab. Tapin","189000"
"63","Banjarmasin","Kota Banjarbaru","225000"
"64","Samarinda","Kab. Kutai Barat","1500000"
"64","Samarinda","Kab. Kutai Kartanegara","500000"
"64","Samarinda","Kab. Kutai Timur","1350000"
"64","Samarinda","Kab. Paser","1650000"
"64","Samarinda","Kab. Penajam Paser Utara","650000"
"64","Samarinda","Kota Balikpapan","550000"
"64","Samarinda","Kota Bontang","600000"
"71","Manado","Kab. Bolaang Mongondow","250000"
"71","Manado","Kab. Bolaang Mongondow Selatan","275000"
"71","Manado","Kab. Bolaang Mongondow Timur","250000"
"71","Manado","Kab. Bolaang Mongondow Utara","300000"
"71","Manado","Kab. Minahasa","180000"
"71","Manado","Kab. Minahasa Selatan","180000"
"71","Manado","Kab. Minahasa Tenggara","200000"
"71","Manado","Kab. Minahasa Utara","175000"
"71","Manado","Kota Bitung","175000"
"71","Manado","Kota Kotamobagu","250000"
"71","Manado","Kota Tomohon","170000"
"75","Gorontalo","Kab. Boalemo","400000"
"75","Gorontalo","Kab. Gorontalo","300000"
"75","Gorontalo","Kab. Gorontalo Utara","350000"
"75","Gorontalo","Kab. Pahuwato","650000"
"76","Mamuju","Kab. Majene","240000"
"76","Mamuju","Kab. Mamasa","359000"
"76","Mamuju","Kab. Mamuju Tengah","200000"
"76","Mamuju","Kab. Mamuju utara","270000"
"76","Mamuju","Kab. Polewali Mandar","260000"
"73","Makassar","Kab. Bantaeng","235000"
"73","Makassar","Kab. Barru","210000"
"73","Makassar","Kab. Bone","240000"
"73","Makassar","Kab. Bulukumba","240000"
"73","Makassar","Kab. Enrekang","250000"
"73","Makassar","Kab. Gowa","175000"
"73","Makassar","Kab. Jeneponto","230000"
"73","Makassar","Kab. Luwu","350000"
"73","Makassar","Kab. Luwu Timur","375000"
"73","Makassar","Kab. Luwu Utara","365000"
"73","Makassar","Kab. Maros","170000"
"73","Makassar","Kab. Pinrang","230000"
"73","Makassar","Kab. Sidenreng Rappang","230000"
"73","Makassar","Kab. Sinjai","235000"
"73","Makassar","Kab. Soppeng","235000"
"73","Makassar","Kab. Takalar","190000"
"73","Makassar","Kab. Tanatoraja","350000"
"73","Makassar","Kab. Toraja Utara","350000"
"73","Makassar","Kab. Wajo","230000"
"73","Makassar","Kota Palopo","350000"
"73","Makassar","Kota Pare-Pare","225000"
"72","Palu","Kab. Luwuk","400000"
"72","Palu","Kab. Buol","472000"
"72","Palu","Kab. Donggala","130000"
"72","Palu","Kab. Morowali","400000"
"72","Palu","Kab. Morowali Utara","400000"
"72","Palu","Kab. Parigi Moutong","250000"
"72","Palu","Kab. Poso","280000"
"72","Palu","Kab. Sigi","219000"
"72","Palu","Kab. Tojouna-Una","350000"
"72","Palu","Kab. Toli-Toli","412000"
"74","Kendari","Kab. Bombana","355000"
"74","Kendari","Kab. Kolaka","370000"
"74","Kendari","Kab. Kolaka Timur","300000"
"74","Kendari","Kab. Kolaka Utara","425000"
"74","Kendari","Kab. Konawe","300000"
"74","Kendari","Kab. Konawe Selatan","305000"
"74","Kendari","Kab. Konawe Utara","300000"
"82","Sofifi","Kab. Halmahera Barat","850000"
"82","Sofifi","Kab. Halmahera Tengah","1000000"
"82","Sofifi","Kab. Halmahera Timur","1250000"
"82","Sofifi","Kab. Halmahera Utara","900000"
"94","Jayapura","Kab. Jayapura","600000"
"94","Jayapura","Kab. Keerom","900000"
"94","Jayapura","Kab. Sarmi","2700000"
"91","Manokwari","Kab. Teluk Bintuni","900000"
"91","Manokwari","Kab. Manokwari Selatan","750000"
"91","Manokwari","Kab. Pegunungan Arfak","2650000"
"31","Jakarta","Kota Bekasi","256000"
"31","Jakarta","Kab. Bekasi","256000"
"31","Jakarta","Kab. Bogor","270000"
"31","Jakarta","Kota Bogor","270000"
"31","Jakarta","Kota Depok","248000"
"31","Jakarta","Kota Tangerang","258000"
"31","Jakarta","Kota Tangerang Selatan","258000"
"31","Jakarta","Kab. Tangerang","279000"
"31","Jakarta","Kepulauan Seribu","386000"
